planId,distributor,brandName,displayName,planType,effectiveFrom,effectiveTo,dmoPrice,annualUsage,supplyCharge,demandCharge,estimatedCharge,differenceDmoPrice
ACT670962MRE1@EME,Endeavour,ActewAGL,Simple Saver,MARKET,2023-11-04 00:00:00+00:00,2024-06-30 00:00:00+00:00,2228.0,4913,362.34,1298.417466,1660.757466,-567.242534
ACT657786MRE1@EME,Endeavour,ActewAGL,Solar Saver 5% - single rate,MARKET,2023-09-05 00:00:00+00:00,2024-06-30 00:00:00+00:00,2228.0,4913,376.98,1547.595,1924.575,-303.42499999999995
ACT345580MRE5@EME,Endeavour,ActewAGL,Battery Saver,MARKET,2023-07-04 00:00:00+00:00,2024-06-30 00:00:00+00:00,2228.0,4913,409.92,1615.1192720000001,2025.0392720000002,-202.9607279999998
ACT64408SRE6@EME,Endeavour,ActewAGL,Home plan,STANDING,2023-07-01 00:00:00+00:00,2024-06-30 00:00:00+00:00,2228.0,4913,409.92,1615.1192720000001,2025.0392720000002,-202.9607279999998
ALI683091MRE2@EME,Energex,Alinta Energy,BetterDeal - Single Rate,MARKET,2023-12-01 00:00:00+00:00,,1969.0,4613,419.802,1370.061,1789.8629999999998,-179.13700000000017
ALI641911MRE1@EME,Energex,Alinta Energy,Carbon Balance - Single Rate,MARKET,2023-08-01 00:00:00+00:00,,1969.0,4613,394.62119999999993,1460.9371,1855.5583000000001,-113.44169999999986
ALI476183MRE3@EME,Energex,Alinta Energy,Priority Plus - Single Rate,MARKET,2023-07-01 00:00:00+00:00,,1969.0,4613,382.0308,1246.8939,1628.9247,-340.07529999999997
ALI463761MRE4@EME,Energex,Alinta Energy,HomeDeal - Single Rate,MARKET,2023-07-01 00:00:00+00:00,,1969.0,4613,394.62119999999993,1287.9496,1682.5708,-286.42920000000004
ALI13181SRE14@EME,Energex,Alinta Energy,Standing Offer (SR),STANDING,2023-07-01 00:00:00+00:00,,1969.0,4613,419.802,1370.061,1789.8629999999998,-179.13700000000017
AMB706114MRE1@EME,SA Power Networks,Amber ,CommBank Homeowner: Variable Prices (estimate only),MARKET,2024-02-01 00:00:00+00:00,,2279.0,4011,347.6268,1190.7054600000001,1538.3322600000001,-740.6677399999999
AMB706102MRE1@EME,SA Power Networks,Amber ,CommBank Everyday Plus: Variable Prices (estimate only),MARKET,2024-02-01 00:00:00+00:00,,2279.0,4011,347.6268,1190.7054600000001,1538.3322600000001,-740.6677399999999
AMB706110MRE1@EME,Endeavour,Amber ,CommBank Homeowner: Variable Prices (estimate only),MARKET,2024-02-01 00:00:00+00:00,,2228.0,4913,303.414,1191.8938,1495.3078,-732.6922
AMB706078MRE1@EME,SA Power Networks,Amber ,CommBank: Variable Prices (estimate only),MARKET,2024-02-01 00:00:00+00:00,,2279.0,4011,347.6268,1190.7054600000001,1538.3322600000001,-740.6677399999999
AMB706090MRE1@EME,SA Power Networks,Amber ,CommBank Everyday: Variable Prices (estimate only),MARKET,2024-02-01 00:00:00+00:00,,2279.0,4011,347.6268,1190.7054600000001,1538.3322600000001,-740.6677399999999
AMB706066MRE1@EME,SA Power Networks,Amber ,Amber Plan: Variable Wholesale Prices (estimate only),MARKET,2024-02-01 00:00:00+00:00,,2279.0,4011,347.6268,1190.7054600000001,1538.3322600000001,-740.6677399999999
AMB706097MRE1@EME,Ausgrid,Amber ,CommBank Everyday Plus: Variable Prices (estimate only),MARKET,2024-02-01 00:00:00+00:00,,1827.0,3911,273.8046,960.50249,1234.30709,-592.69291
AMB706109MRE1@EME,Ausgrid,Amber ,CommBank Homeowner: Variable Prices (estimate only),MARKET,2024-02-01 00:00:00+00:00,,1827.0,3911,273.8046,960.50249,1234.30709,-592.69291
AMB706073MRE1@EME,Ausgrid,Amber ,CommBank: Variable Prices (estimate only),MARKET,2024-02-01 00:00:00+00:00,,1827.0,3911,273.8046,960.50249,1234.30709,-592.69291
AMB706085MRE1@EME,Ausgrid,Amber ,CommBank Everyday: Variable Prices (estimate only),MARKET,2024-02-01 00:00:00+00:00,,1827.0,3911,273.8046,960.50249,1234.30709,-592.69291
AMB706098MRE1@EME,Endeavour,Amber ,CommBank Everyday Plus: Variable Prices (estimate only),MARKET,2024-02-01 00:00:00+00:00,,2228.0,4913,303.414,1191.8938,1495.3078,-732.6922
AMB706074MRE1@EME,Endeavour,Amber ,CommBank: Variable Prices (estimate only),MARKET,2024-02-01 00:00:00+00:00,,2228.0,4913,303.414,1191.8938,1495.3078,-732.6922
AMB706086MRE1@EME,Endeavour,Amber ,CommBank Everyday: Variable Prices (estimate only),MARKET,2024-02-01 00:00:00+00:00,,2228.0,4913,303.414,1191.8938,1495.3078,-732.6922
AMB706075MRE1@EME,Energex,Amber ,CommBank: Variable Prices (estimate only),MARKET,2024-02-01 00:00:00+00:00,,1969.0,4613,359.33880000000005,1086.59215,1445.93095,-523.0690500000001
AMB706087MRE1@EME,Energex,Amber ,CommBank Everyday: Variable Prices (estimate only),MARKET,2024-02-01 00:00:00+00:00,,1969.0,4613,359.33880000000005,1086.59215,1445.93095,-523.0690500000001
AMB706063MRE1@EME,Energex,Amber ,Amber Plan: Variable Wholesale Prices (estimate only),MARKET,2024-02-01 00:00:00+00:00,,1969.0,4613,359.33880000000005,1086.59215,1445.93095,-523.0690500000001
AMB706099MRE1@EME,Energex,Amber ,CommBank Everyday Plus: Variable Prices (estimate only),MARKET,2024-02-01 00:00:00+00:00,,1969.0,4613,359.33880000000005,1086.59215,1445.93095,-523.0690500000001
AMB706111MRE1@EME,Energex,Amber ,CommBank Homeowner: Variable Prices (estimate only),MARKET,2024-02-01 00:00:00+00:00,,1969.0,4613,359.33880000000005,1086.59215,1445.93095,-523.0690500000001
AMB706061MRE1@EME,Ausgrid,Amber ,Amber Plan: Variable Wholesale Prices (estimate only),MARKET,2024-02-01 00:00:00+00:00,,1827.0,3911,273.8046,960.50249,1234.30709,-592.69291
AMB706062MRE1@EME,Endeavour,Amber ,Amber Plan: Variable Wholesale Prices (estimate only),MARKET,2024-02-01 00:00:00+00:00,,2228.0,4913,303.414,1191.8938,1495.3078,-732.6922
AMB698628MRE1@EME,Ausgrid,Amber ,CommBank,MARKET,2024-01-02 00:00:00+00:00,,1827.0,3911,273.8046,1495.5065617,1769.3111617,-57.68883830000004
AMB698629MRE1@EME,Endeavour,Amber ,CommBank,MARKET,2024-01-02 00:00:00+00:00,,2228.0,4913,303.414,1861.63857822,2165.05257822,-62.947421779999786
AMB698645MRE1@EME,SA Power Networks,Amber ,CommBank Everyday Plus Offer,MARKET,2024-01-02 00:00:00+00:00,,2279.0,4011,347.6268,1853.84284659,2201.4696465899997,-77.53035341000032
AMB698651MRE1@EME,SA Power Networks,Amber ,CommBank Homeowner Offer,MARKET,2024-01-02 00:00:00+00:00,,2279.0,4011,347.6268,1853.84284659,2201.4696465899997,-77.53035341000032
AMB698646MRE1@EME,Ausgrid,Amber ,CommBank Homeowner Offer,MARKET,2024-01-02 00:00:00+00:00,,1827.0,3911,273.8046,1495.5065617,1769.3111617,-57.68883830000004
AMB698648MRE1@EME,Energex,Amber ,CommBank Homeowner Offer,MARKET,2024-01-02 00:00:00+00:00,,1969.0,4613,359.33880000000005,1628.7419867599997,1988.0807867599997,19.080786759999683
AMB698601MRE1@EME,Energex,Amber ,Amber Plan TOU,MARKET,2024-01-02 00:00:00+00:00,,1969.0,4613,352.7508,1628.7419867599997,1981.4927867599997,12.492786759999717
AMB698647MRE1@EME,Endeavour,Amber ,CommBank Homeowner Offer,MARKET,2024-01-02 00:00:00+00:00,,2228.0,4913,303.414,1861.63857822,2165.05257822,-62.947421779999786
AMB698582MRE1@EME,Energex,Amber ,Amber Plan,MARKET,2024-01-02 00:00:00+00:00,,1969.0,4613,359.33880000000005,1628.7419867599997,1988.0807867599997,19.080786759999683
AMB698640MRE1@EME,Ausgrid,Amber ,CommBank Everyday Plus Offer,MARKET,2024-01-02 00:00:00+00:00,,1827.0,3911,273.8046,1495.5065617,1769.3111617,-57.68883830000004
AMB698600MRE1@EME,Ausgrid,Amber ,Amber Plan TOU,MARKET,2024-01-02 00:00:00+00:00,,1827.0,3911,327.0942,1495.5065617,1822.6007617,-4.399238299999979
AMB698639MRE1@EME,SA Power Networks,Amber ,CommBank Everyday Offer,MARKET,2024-01-02 00:00:00+00:00,,2279.0,4011,347.6268,1853.84284659,2201.4696465899997,-77.53035341000032
AMB698585MRE1@EME,SA Power Networks,Amber ,Amber Plan,MARKET,2024-01-02 00:00:00+00:00,,2279.0,4011,347.6268,1853.84284659,2201.4696465899997,-77.53035341000032
AMB698633MRE1@EME,SA Power Networks,Amber ,CommBank,MARKET,2024-01-02 00:00:00+00:00,,2279.0,4011,347.6268,1853.84284659,2201.4696465899997,-77.53035341000032
AMB698580MRE1@EME,Ausgrid,Amber ,Amber Plan,MARKET,2024-01-02 00:00:00+00:00,,1827.0,3911,273.8046,1495.5065617,1769.3111617,-57.68883830000004
AMB698634MRE1@EME,Ausgrid,Amber ,CommBank Everyday Offer,MARKET,2024-01-02 00:00:00+00:00,,1827.0,3911,273.8046,1495.5065617,1769.3111617,-57.68883830000004
AMB698630MRE1@EME,Energex,Amber ,CommBank,MARKET,2024-01-02 00:00:00+00:00,,1969.0,4613,359.33880000000005,1628.7419867599997,1988.0807867599997,19.080786759999683
AMB698635MRE1@EME,Endeavour,Amber ,CommBank Everyday Offer,MARKET,2024-01-02 00:00:00+00:00,,2228.0,4913,303.414,1861.63857822,2165.05257822,-62.947421779999786
AMB698636MRE1@EME,Energex,Amber ,CommBank Everyday Offer,MARKET,2024-01-02 00:00:00+00:00,,1969.0,4613,359.33880000000005,1628.7419867599997,1988.0807867599997,19.080786759999683
AMB698642MRE1@EME,Energex,Amber ,CommBank Everyday Plus Offer,MARKET,2024-01-02 00:00:00+00:00,,1969.0,4613,359.33880000000005,1628.7419867599997,1988.0807867599997,19.080786759999683
AMB698581MRE1@EME,Endeavour,Amber ,Amber Plan,MARKET,2024-01-02 00:00:00+00:00,,2228.0,4913,303.414,1861.63857822,2165.05257822,-62.947421779999786
AMB698641MRE1@EME,Endeavour,Amber ,CommBank Everyday Plus Offer,MARKET,2024-01-02 00:00:00+00:00,,2228.0,4913,303.414,1861.63857822,2165.05257822,-62.947421779999786
AMB665242SRE1@EME,Energex,Amber ,Standing Offer: Fixed Rate,STANDING,2023-09-15 00:00:00+00:00,,1969.0,4613,567.1902,1224.6241812,1791.8143812,-177.18561879999993
AMB611134SRE1@EME,Endeavour,Amber ,Standing Offer: Fixed Rate,STANDING,2023-07-01 00:00:00+00:00,,2228.0,4913,303.414,1515.5892614999998,1819.0032614999998,-408.9967385000002
AMB611138SRE1@EME,SA Power Networks,Amber ,Standing Offer: Fixed Rate,STANDING,2023-07-01 00:00:00+00:00,,2279.0,4011,347.6268,1517.8771146,1865.5039146,-413.4960854000001
AMB611133SRE1@EME,Ausgrid,Amber ,Standing Offer: Fixed Rate,STANDING,2023-07-01 00:00:00+00:00,,1827.0,3911,273.8046,1180.5830641999999,1454.3876641999998,-372.6123358000002
AMP522155MRE15@EME,Energex,Ampol Energy,Ampol Energy Powering On,MARKET,2023-12-21 00:00:00+00:00,,1969.0,4613,397.11,1079.442,1476.5520000000001,-492.44799999999987
CIR353462SRE4@EME,SA Power Networks,Circular Energy,SAPN Zero Member Fee Anytime,STANDING,2023-07-20 00:00:00+00:00,,2279.0,4011,402.6,1531.4800200000002,1934.0800200000003,-344.91997999999967
COV678955MRE1@EME,Ausgrid,CovaU,Freedom Residential Single Rate,MARKET,2023-11-01 00:00:00+00:00,,1827.0,3911,292.8732,1261.2975000000001,1554.1707000000001,-272.8292999999999
COV678956MRE1@EME,Endeavour,CovaU,Freedom Residential Single Rate,MARKET,2023-11-01 00:00:00+00:00,,2228.0,4913,285.48,1655.681,1941.161,-286.83899999999994
COV639781MRE1@EME,Energex,CovaU,Freedom Residential Single,MARKET,2023-08-01 00:00:00+00:00,,1969.0,4613,401.5752,1337.77,1739.3452,-229.65480000000002
COV525813SRE2@EME,Endeavour,CovaU,CovaU Basics Residential Single,STANDING,2023-07-01 00:00:00+00:00,,2228.0,4913,329.034,1685.1589999999999,2014.1929999999998,-213.80700000000024
COV525808SRE2@EME,Ausgrid,CovaU,CovaU Basics Residential Single,STANDING,2023-07-01 00:00:00+00:00,,1827.0,3911,292.983,1321.1358,1614.1188,-212.88120000000004
COV525764SRE2@EME,Energex,CovaU,CovaU Basics Residential Single,STANDING,2023-07-01 00:00:00+00:00,,1969.0,4613,420.8268,1351.1477,1771.9745,-197.02549999999997
DOD13816MRE9@EME,Ausgrid,Dodo Power & Gas,Residential Market,MARKET,2023-11-20 00:00:00+00:00,,1827.0,3911,233.142,1076.7999859999998,1309.9419859999998,-517.0580140000002
DOD13818MRE8@EME,Endeavour,Dodo Power & Gas,Residential Market,MARKET,2023-11-20 00:00:00+00:00,,2228.0,4913,288.0054,1341.2686520000002,1629.2740520000002,-598.7259479999998
DOD559343MRE3@EME,Energex,Dodo Power & Gas,Residential Market,MARKET,2023-11-20 00:00:00+00:00,,1969.0,4613,275.0124,1183.294469,1458.306869,-510.693131
DOD13968SRE6@EME,Ausgrid,Dodo Power & Gas,Residential Standing (Default Market Offer),STANDING,2023-07-01 00:00:00+00:00,,1827.0,3911,402.56339999999994,1169.099586,1571.662986,-255.33701399999995
DOD14016SRE6@EME,SA Power Networks,Dodo Power & Gas,Residential Standing (Default Market Offer),STANDING,2023-07-01 00:00:00+00:00,,2279.0,4011,524.661,1422.685656,1947.3466560000002,-331.65334399999983
DOD14000SRE6@EME,Energex,Dodo Power & Gas,Residential Standing (Default Market Offer),STANDING,2023-07-01 00:00:00+00:00,,1969.0,4613,361.7178,1379.859012,1741.5768119999998,-227.4231880000002
DOD13970SRE6@EME,Endeavour,Dodo Power & Gas,Residential Standing (Default Market Offer),STANDING,2023-07-01 00:00:00+00:00,,2228.0,4913,483.852,1532.875652,2016.727652,-211.27234799999997
LCL652062MRE3@EME,SA Power Networks,Energy Locals,SA Virtual Power Plant - Anytime,MARKET,2024-02-15 00:00:00+00:00,,2279.0,4011,266.1918,1294.457997,1560.649797,-718.350203
LCL708902MRE1@EME,Ausgrid,Energy Locals,Online Member 2023,MARKET,2024-02-05 00:00:00+00:00,,1827.0,3911,189.66119999999998,1119.96819604,1309.62939604,-517.3706039599999
LCL708935MRE1@EME,Endeavour,Energy Locals,Online Member 2023,MARKET,2024-02-05 00:00:00+00:00,,2228.0,4913,226.2612,1429.23635917,1655.49755917,-572.5024408300001
LCL708872MRE1@EME,Energex,Energy Locals,Online Member,MARKET,2024-02-05 00:00:00+00:00,,1969.0,4613,282.8082,1153.25,1436.0582,-532.9418000000001
LCL691267MRE4@EME,SA Power Networks,Energy Locals,Local Member,MARKET,2024-01-29 00:00:00+00:00,,2279.0,4011,259.5306,1403.85,1663.3806,-615.6194
LCL683890SRE1@EME,Ausgrid,Energy Locals,Standing Offer,STANDING,2023-11-20 00:00:00+00:00,,1827.0,3911,342.0636,1310.951556,1653.015156,-173.98484400000007
LCL683922SRE1@EME,Energex,Energy Locals,Standing Offer,STANDING,2023-11-20 00:00:00+00:00,,1969.0,4613,268.24140000000006,1515.269014,1783.510414,-185.48958599999992
LCL683900SRE1@EME,Endeavour,Energy Locals,Standing Offer,STANDING,2023-11-20 00:00:00+00:00,,2228.0,4913,249.7218,1770.1882910000002,2019.9100910000002,-208.0899089999998
LCL683933SRE1@EME,SA Power Networks,Energy Locals,Standing Offer,STANDING,2023-11-20 00:00:00+00:00,,2279.0,4011,250.85640000000004,1812.972,2063.8284,-215.17160000000013
LCL674202MRE1@EME,SA Power Networks,Energy Locals,TEP - ToU 23 Pre Smart Meter + $100 Welcome Credit,MARKET,2023-10-11 00:00:00+00:00,,2279.0,4011,432.53880000000004,1823.1817999500001,2255.72059995,-23.279400049999822
LCL674207MRE1@EME,SA Power Networks,Energy Locals,TEP - ToU 23 Pre Smart Meter + Powerwall Credit,MARKET,2023-10-11 00:00:00+00:00,,2279.0,4011,432.53880000000004,1823.1817999500001,2255.72059995,-23.279400049999822
LCL663168MRE3@EME,Endeavour,Energy Locals,TEP - ToU 23 Pre Smart Meter + Powerwall Credit,MARKET,2023-10-05 00:00:00+00:00,,2228.0,4913,449.1918,2322.50907751,2771.7008775100003,543.7008775100003
LCL663180MRE3@EME,Essential Energy,Energy Locals,TEP - ToU 23 Pre Smart Meter + Powerwall Credit,MARKET,2023-10-05 00:00:00+00:00,,2527.0,4613,632.1918,2096.81816085,2729.00996085,202.00996084999997
LCL663182MRE3@EME,Essential Energy,Energy Locals,TEP - ToU 23 Pre Smart Meter + $100 Welcome Credit,MARKET,2023-10-05 00:00:00+00:00,,2527.0,4613,632.1918,2096.81816085,2729.00996085,202.00996084999997
LCL663170MRE3@EME,Endeavour,Energy Locals,TEP - ToU 23 Pre Smart Meter + $100 Welcome Credit,MARKET,2023-10-05 00:00:00+00:00,,2228.0,4913,449.1918,2322.50907751,2771.7008775100003,543.7008775100003
LCL662474MRE3@EME,SA Power Networks,Energy Locals,TEP - ToU 23 Pre Smart Meter + $100 Welcome Credit,MARKET,2023-10-05 00:00:00+00:00,,2279.0,4011,0.0,1531.47271998,1531.47271998,-747.52728002
LCL662458MRE3@EME,Energex,Energy Locals,TEP - ToU 23 Pre Smart Meter + $100 Welcome Credit,MARKET,2023-10-05 00:00:00+00:00,,1969.0,4613,482.46119999999996,1908.10452868,2390.5657286799997,421.56572867999967
LCL663158MRE3@EME,Ausgrid,Energy Locals,TEP - ToU 23 Pre Smart Meter + $100 Welcome Credit,MARKET,2023-10-05 00:00:00+00:00,,1827.0,3911,432.53880000000004,1742.1727450499998,2174.7115450499996,347.7115450499996
LCL663156MRE3@EME,Ausgrid,Energy Locals,TEP - ToU 23 Pre Smart Meter + Powerwall Credit,MARKET,2023-10-05 00:00:00+00:00,,1827.0,3911,432.53880000000004,1742.1727450499998,2174.7115450499996,347.7115450499996
LCL662483MRE3@EME,Energex,Energy Locals,TEP - ToU 23 Pre Smart Meter + Powerwall Credit,MARKET,2023-10-05 00:00:00+00:00,,1969.0,4613,482.46119999999996,1908.10452868,2390.5657286799997,421.56572867999967
LCL662451MRE3@EME,SA Power Networks,Energy Locals,TEP - ToU 23 Pre Smart Meter + Powerwall Credit,MARKET,2023-10-05 00:00:00+00:00,,2279.0,4011,0.0,1531.47271998,1531.47271998,-747.52728002
LCL665944MRE2@EME,Ausgrid,Energy Locals,Local Member 2023,MARKET,2023-09-20 00:00:00+00:00,,1827.0,3911,189.66119999999998,1119.96819604,1309.62939604,-517.3706039599999
LCL665947MRE2@EME,Endeavour,Energy Locals,Local Member 2023,MARKET,2023-09-20 00:00:00+00:00,,2228.0,4913,226.2612,1429.23635917,1655.49755917,-572.5024408300001
LCL665894MRE2@EME,Ausgrid,Energy Locals,Online Member 2023,MARKET,2023-09-20 00:00:00+00:00,,1827.0,3911,189.66119999999998,1119.96819604,1309.62939604,-517.3706039599999
LCL665874MRE2@EME,Endeavour,Energy Locals,Online Member 2023,MARKET,2023-09-20 00:00:00+00:00,,2228.0,4913,226.2612,1429.23635917,1655.49755917,-572.5024408300001
LCL569522MRE2@EME,Energex,Energy Locals,Local Member,MARKET,2023-08-18 00:00:00+00:00,,1969.0,4613,282.8082,1153.25,1436.0582,-532.9418000000001
ENE698320MRE3@EME,Ausgrid,EnergyAustralia,Flexi Plan (Movers offer),MARKET,2024-02-21 00:00:00+00:00,,1827.0,3911,318.42,1342.4507500000002,1660.8707500000003,-166.12924999999973
ENE692923MRE3@EME,Ausgrid,EnergyAustralia,Balance Plan 1 - Comparator Movers offer,MARKET,2024-02-21 00:00:00+00:00,,1827.0,3911,318.42,1342.4507500000002,1660.8707500000003,-166.12924999999973
ENE670149MRE4@EME,Ausgrid,EnergyAustralia,Balance Plan - Third Party Offer,MARKET,2024-02-21 00:00:00+00:00,,1827.0,3911,318.42,1342.4507500000002,1660.8707500000003,-166.12924999999973
ENE379607MRE26@EME,Ausgrid,EnergyAustralia,Flexi Plan,MARKET,2024-02-21 00:00:00+00:00,,1827.0,3911,318.42,1342.4507500000002,1660.8707500000003,-166.12924999999973
ENE703817MRE1@EME,Ausgrid,EnergyAustralia,Balance Plan - Third Party Offer,MARKET,2024-01-31 00:00:00+00:00,,1827.0,3911,318.42,1342.4507500000002,1660.8707500000003,-166.12924999999973
ENE703827MRE1@EME,Ausgrid,EnergyAustralia,Balance Plan 1 - Comparator Movers offer,MARKET,2024-01-31 00:00:00+00:00,,1827.0,3911,318.42,1342.4507500000002,1660.8707500000003,-166.12924999999973
ENE692912MRE2@EME,Endeavour,EnergyAustralia,Balance Plan 1 - Comparator Movers offer,MARKET,2024-01-17 00:00:00+00:00,,2228.0,4913,320.25,1705.20404,2025.45404,-202.54595999999992
ENE670145MRE3@EME,Endeavour,EnergyAustralia,Balance Plan - Third Party Offer,MARKET,2024-01-17 00:00:00+00:00,,2228.0,4913,320.25,1705.20404,2025.45404,-202.54595999999992
ENE698389MRE1@EME,Ausgrid,EnergyAustralia,Rate Fix Plan (Movers offer),MARKET,2024-01-10 00:00:00+00:00,,1827.0,3911,318.42,1342.4507500000002,1660.8707500000003,-166.12924999999973
ENE698384MRE1@EME,Endeavour,EnergyAustralia,Rate Fix Plan (Movers offer),MARKET,2024-01-10 00:00:00+00:00,,2228.0,4913,320.25,1705.20404,2025.45404,-202.54595999999992
ENE698359MRE1@EME,Ausgrid,EnergyAustralia,Solar Max (Movers offer),MARKET,2024-01-10 00:00:00+00:00,,1827.0,3911,318.42,1342.4507500000002,1660.8707500000003,-166.12924999999973
ENE698356MRE1@EME,Endeavour,EnergyAustralia,Solar Max (Movers offer),MARKET,2024-01-10 00:00:00+00:00,,2228.0,4913,320.25,1705.20404,2025.45404,-202.54595999999992
ENE698314MRE1@EME,Endeavour,EnergyAustralia,Flexi Plan (Movers offer),MARKET,2024-01-10 00:00:00+00:00,,2228.0,4913,320.25,1705.20404,2025.45404,-202.54595999999992
ENE379601MRE26@EME,Endeavour,EnergyAustralia,Flexi Plan,MARKET,2023-12-22 00:00:00+00:00,,2228.0,4913,320.25,1705.20404,2025.45404,-202.54595999999992
ENE692943MRE1@EME,Endeavour,EnergyAustralia,Rate Fix - Comparator Movers offer,MARKET,2023-12-18 00:00:00+00:00,,2228.0,4913,320.25,1705.20404,2025.45404,-202.54595999999992
ENE692873MRE1@EME,Ausgrid,EnergyAustralia,Rate Fix - Comparator Movers offer,MARKET,2023-12-18 00:00:00+00:00,,1827.0,3911,318.42,1342.4507500000002,1660.8707500000003,-166.12924999999973
ENE19219SRE31@EME,SA Power Networks,EnergyAustralia,Basic Home (Standing Offer),STANDING,2023-12-08 00:00:00+00:00,,2279.0,4011,347.7,1724.08824,2071.78824,-207.21176000000014
ENE19220SRE29@EME,Ausgrid,EnergyAustralia,Basic Home (Standing Offer),STANDING,2023-12-08 00:00:00+00:00,,1827.0,3911,318.42,1342.4507500000002,1660.8707500000003,-166.12924999999973
ENE19213SRE30@EME,Endeavour,EnergyAustralia,Basic Home (Standing Offer),STANDING,2023-12-08 00:00:00+00:00,,2228.0,4913,320.25,1705.20404,2025.45404,-202.54595999999992
ENE19229SRE28@EME,Energex,EnergyAustralia,Basic Home (Standing Offer),STANDING,2023-12-08 00:00:00+00:00,,1969.0,4613,384.3,1405.67336,1789.97336,-179.02664000000004
ENE379843MRE14@EME,SA Power Networks,EnergyAustralia,Flexi Plan,MARKET,2023-11-22 00:00:00+00:00,,2279.0,4011,347.7,1724.08824,2071.78824,-207.21176000000014
ENE379814MRE15@EME,Energex,EnergyAustralia,Flexi Plan,MARKET,2023-11-22 00:00:00+00:00,,1969.0,4613,384.3,1405.67336,1789.97336,-179.02664000000004
ENE676761MRE2@EME,SA Power Networks,EnergyAustralia,Balance Plan - Third Party Offer,MARKET,2023-11-13 00:00:00+00:00,,2279.0,4011,347.7,1724.08824,2071.78824,-207.21176000000014
ENE676765MRE2@EME,Energex,EnergyAustralia,Balance Plan - Third Party Offer,MARKET,2023-11-13 00:00:00+00:00,,1969.0,4613,384.3,1405.67336,1789.97336,-179.02664000000004
ENE681802MRE2@EME,SA Power Networks,EnergyAustralia,Rate Fix Plan,MARKET,2023-11-08 00:00:00+00:00,,2279.0,4011,347.7,1724.08824,2071.78824,-207.21176000000014
ENE681805MRE2@EME,Energex,EnergyAustralia,Rate Fix Plan,MARKET,2023-11-08 00:00:00+00:00,,1969.0,4613,384.3,1405.67336,1789.97336,-179.02664000000004
ENE681359MRE1@EME,Ausgrid,EnergyAustralia,Rate Fix Plan,MARKET,2023-11-08 00:00:00+00:00,,1827.0,3911,318.42,1342.4507500000002,1660.8707500000003,-166.12924999999973
ENE681369MRE1@EME,Endeavour,EnergyAustralia,Rate Fix Plan,MARKET,2023-11-08 00:00:00+00:00,,2228.0,4913,320.25,1705.20404,2025.45404,-202.54595999999992
ENE676771MRE1@EME,SA Power Networks,EnergyAustralia,Balance Plan - Comparator,MARKET,2023-10-25 00:00:00+00:00,,2279.0,4011,347.7,1724.08824,2071.78824,-207.21176000000014
ENE477671MRE6@EME,Energex,EnergyAustralia,Balance Plan - Comparator,MARKET,2023-10-04 00:00:00+00:00,,1969.0,4613,384.3,1405.67336,1789.97336,-179.02664000000004
ENE477595MRE7@EME,Endeavour,EnergyAustralia,Balance Plan - Comparator,MARKET,2023-10-04 00:00:00+00:00,,2228.0,4913,320.25,1705.20404,2025.45404,-202.54595999999992
ENE477598MRE6@EME,Ausgrid,EnergyAustralia,Balance Plan - Comparator,MARKET,2023-10-04 00:00:00+00:00,,1827.0,3911,318.42,1342.4507500000002,1660.8707500000003,-166.12924999999973
ENE360409MRE15@EME,Energex,EnergyAustralia,Solar Max,MARKET,2023-10-01 00:00:00+00:00,,1969.0,4613,384.3,1405.67336,1789.97336,-179.02664000000004
ENE360353MRE16@EME,Endeavour,EnergyAustralia,Solar Max,MARKET,2023-10-01 00:00:00+00:00,,2228.0,4913,320.25,1705.20404,2025.45404,-202.54595999999992
ENE360418MRE16@EME,SA Power Networks,EnergyAustralia,Solar Max,MARKET,2023-10-01 00:00:00+00:00,,2279.0,4011,347.7,1724.08824,2071.78824,-207.21176000000014
ENE360342MRE15@EME,Ausgrid,EnergyAustralia,Solar Max,MARKET,2023-10-01 00:00:00+00:00,,1827.0,3911,318.42,1342.4507500000002,1660.8707500000003,-166.12924999999973
ENE472298MRE8@EME,Endeavour,EnergyAustralia,Balance Plan,MARKET,2023-09-14 00:00:00+00:00,,2228.0,4913,320.25,1705.20404,2025.45404,-202.54595999999992
ENE472321MRE3@EME,Energex,EnergyAustralia,Balance Plan,MARKET,2023-08-02 00:00:00+00:00,,1969.0,4613,384.3,1405.67336,1789.97336,-179.02664000000004
ENE472327MRE4@EME,SA Power Networks,EnergyAustralia,Balance Plan,MARKET,2023-08-02 00:00:00+00:00,,2279.0,4011,347.7,1724.08824,2071.78824,-207.21176000000014
ENE472316MRE7@EME,Ausgrid,EnergyAustralia,Balance Plan,MARKET,2023-08-02 00:00:00+00:00,,1827.0,3911,318.42,1342.4507500000002,1660.8707500000003,-166.12924999999973
FXP651381SRE1@EME,Ausgrid,Future X Power,Standing Offer - Single Rate,STANDING,2023-08-09 00:00:00+00:00,,1827.0,3911,311.0268,1350.4683,1661.4951,-165.5048999999999
FXP651383SRE1@EME,Endeavour,Future X Power,Standing Offer - Single Rate,STANDING,2023-08-09 00:00:00+00:00,,2228.0,4913,344.8086,1681.7199,2026.5285000000001,-201.47149999999988
FXP651384SRE1@EME,Energex,Future X Power,Standing Offer - Single Rate,STANDING,2023-08-09 00:00:00+00:00,,1969.0,4613,428.22,1363.1415,1791.3615,-177.63850000000002
FXP651398MRE1@EME,SA Power Networks,Future X Power,Market Offer - Single Rate,MARKET,2023-08-09 00:00:00+00:00,,2279.0,4011,395.28,1677.4002,2072.6802,-206.3198000000002
FXP651394MRE1@EME,Energex,Future X Power,Market Offer - Single Rate,MARKET,2023-08-09 00:00:00+00:00,,1969.0,4613,428.22,1363.1415,1791.3615,-177.63850000000002
FXP651393MRE1@EME,Endeavour,Future X Power,Market Offer - Single Rate,MARKET,2023-08-09 00:00:00+00:00,,2228.0,4913,344.8086,1681.7199,2026.5285000000001,-201.47149999999988
FXP651388SRE1@EME,SA Power Networks,Future X Power,Standing Offer - Single Rate,STANDING,2023-08-09 00:00:00+00:00,,2279.0,4011,395.28,1677.4002,2072.6802,-206.3198000000002
FXP651391MRE1@EME,Ausgrid,Future X Power,Market Offer - Single Rate,MARKET,2023-08-09 00:00:00+00:00,,1827.0,3911,311.0268,1350.4683,1661.4951,-165.5048999999999
KOG709960MRE1@EME,SA Power Networks,Kogan Energy,Kogan Energy with free FIRST,MARKET,2024-02-22 00:00:00+00:00,,2279.0,4011,390.96119999999996,1500.479001,1891.440201,-387.5597990000001
KOG709981MRE1@EME,Ausgrid,Kogan Energy,Kogan Energy with free FIRST,MARKET,2024-02-22 00:00:00+00:00,,1827.0,3911,322.2264,972.2746,1294.501,-532.499
KOG709983MRE1@EME,Endeavour,Kogan Energy,Kogan Energy with free FIRST,MARKET,2024-02-22 00:00:00+00:00,,2228.0,4913,356.81339999999994,1242.0064000000002,1598.8198000000002,-629.1801999999998
KOG709391MRE1@EME,SA Power Networks,Kogan Energy,Kogan Energy for current FIRST members,MARKET,2024-02-22 00:00:00+00:00,,2279.0,4011,390.96119999999996,1500.479001,1891.440201,-387.5597990000001
KOG709952MRE1@EME,Energex,Kogan Energy,Kogan Energy with free FIRST,MARKET,2024-02-22 00:00:00+00:00,,1969.0,4613,404.7594,1205.672132,1610.431532,-358.56846799999994
KOG709175MRE1@EME,Ausgrid,Kogan Energy,Kogan Energy for current FIRST members,MARKET,2024-02-22 00:00:00+00:00,,1827.0,3911,322.2264,972.2746,1294.501,-532.499
KOG709383MRE1@EME,Energex,Kogan Energy,Kogan Energy for current FIRST members,MARKET,2024-02-22 00:00:00+00:00,,1969.0,4613,404.7594,1205.672132,1610.431532,-358.56846799999994
KOG709201MRE1@EME,Endeavour,Kogan Energy,Kogan Energy for current FIRST members,MARKET,2024-02-22 00:00:00+00:00,,2228.0,4913,356.81339999999994,1242.0064000000002,1598.8198000000002,-629.1801999999998
KOG611834MRE1@EME,Essential Energy,Kogan Energy,Kogan Energy Basic,MARKET,2023-07-01 00:00:00+00:00,,2527.0,4613,659.2392,1636.041967,2295.281167,-231.7188329999999
KOG611859MRE1@EME,SA Power Networks,Kogan Energy,Kogan Energy Basic,MARKET,2023-07-01 00:00:00+00:00,,2279.0,4011,420.2778,1649.4074310000003,2069.6852310000004,-209.31476899999961
KOG611861MRE1@EME,Energex,Kogan Energy,Kogan Energy Basic,MARKET,2023-07-01 00:00:00+00:00,,1969.0,4613,449.814,1338.7756339999999,1788.589634,-180.41036600000007
KOG611835MRE1@EME,Ausgrid,Kogan Energy,Kogan Energy Basic,MARKET,2023-07-01 00:00:00+00:00,,1827.0,3911,413.1042,1246.380946,1659.485146,-167.514854
KOG611840MRE1@EME,Endeavour,Kogan Energy,Kogan Energy Basic,MARKET,2023-07-01 00:00:00+00:00,,2228.0,4913,451.644,1572.282825,2023.926825,-204.073175
LUM203086MRE12@EME,SA Power Networks,Lumo Energy (SA),Lumo Plus,MARKET,2024-01-24 00:00:00+00:00,,2279.0,4011,373.32,1619.6418,1992.9618,-286.03819999999996
LUM19153SRE10@EME,SA Power Networks,Lumo Energy (SA),Standing Offer,STANDING,2024-01-24 00:00:00+00:00,,2279.0,4011,385.6908,1619.6418,2005.3326000000002,-273.6673999999998
MOM706836MRE1@EME,SA Power Networks,Momentum Energy,Nothing Fancy Electricity,MARKET,2024-02-12 00:00:00+00:00,,2279.0,4011,563.274,1383.7949999999998,1947.069,-331.93100000000004
MOM706824MRE1@EME,Essential Energy,Momentum Energy,Nothing Fancy Electricity,MARKET,2024-02-12 00:00:00+00:00,,2527.0,4613,606.462,1370.061,1976.523,-550.4770000000001
MOM706814MRE1@EME,Energex,Momentum Energy,Nothing Fancy Electricity,MARKET,2024-02-12 00:00:00+00:00,,1969.0,4613,499.95599999999996,1130.185,1630.1409999999998,-338.85900000000015
MOM706804MRE1@EME,Endeavour,Momentum Energy,Nothing Fancy Electricity,MARKET,2024-02-12 00:00:00+00:00,,2228.0,4913,546.072,1154.5549999999998,1700.627,-527.373
MOM706784MRE1@EME,Ausgrid,Momentum Energy,Nothing Fancy Electricity,MARKET,2024-02-12 00:00:00+00:00,,1827.0,3911,473.97,915.174,1389.144,-437.856
MOM546850MRE4@EME,Essential Energy,Momentum Energy,Suit Yourself Electricity_BLNN2AU,MARKET,2023-07-01 00:00:00+00:00,,2527.0,4613,612.684,1683.745,2296.429,-230.5709999999999
MOM546805MRE4@EME,SA Power Networks,Momentum Energy,Suit Yourself Electricity_RSR,MARKET,2023-07-01 00:00:00+00:00,,2279.0,4011,569.13,1500.114,2069.244,-209.75599999999986
MOM546789MRE4@EME,Endeavour,Momentum Energy,Suit Yourself Electricity_N70,MARKET,2023-07-01 00:00:00+00:00,,2228.0,4913,551.562,1473.8999999999999,2025.462,-202.538
MOM546811MRE4@EME,Ausgrid,Momentum Energy,Suit Yourself Electricity_EA010,MARKET,2023-07-01 00:00:00+00:00,,1827.0,3911,478.728,1181.122,1659.8500000000001,-167.14999999999986
MOM546777MRE4@EME,Energex,Momentum Energy,Suit Yourself Electricity_8400,MARKET,2023-07-01 00:00:00+00:00,,1969.0,4613,505.08,1282.4140000000002,1787.4940000000001,-181.50599999999986
MOM488561SRE4@EME,Ausgrid,Momentum Energy,Standing Offer_EA010,STANDING,2023-07-01 00:00:00+00:00,,1827.0,3911,478.728,1181.122,1659.8500000000001,-167.14999999999986
MOM488552SRE4@EME,SA Power Networks,Momentum Energy,Standing Offer_RSR,STANDING,2023-07-01 00:00:00+00:00,,2279.0,4011,569.13,1500.114,2069.244,-209.75599999999986
MOM488480SRE4@EME,Energex,Momentum Energy,Standing Offer_8400,STANDING,2023-07-01 00:00:00+00:00,,1969.0,4613,505.08,1282.4140000000002,1787.4940000000001,-181.50599999999986
MOM488492SRE4@EME,Essential Energy,Momentum Energy,Standing Offer_BLNN2AU,STANDING,2023-07-01 00:00:00+00:00,,2527.0,4613,612.684,1683.745,2296.429,-230.5709999999999
MOM488488SRE5@EME,Endeavour,Momentum Energy,Standing Offer_N70,STANDING,2023-07-01 00:00:00+00:00,,2228.0,4913,551.562,1472.072364,2023.634364,-204.365636
NTR697527MRE1@EME,Essential Energy,Nectr,Nectr 100% Clean,MARKET,2023-12-21 00:00:00+00:00,,2527.0,4613,601.8138,1495.9613025,2097.7751025000002,-429.22489749999977
NTR697513MRE1@EME,Endeavour,Nectr,Nectr 100% Clean,MARKET,2023-12-21 00:00:00+00:00,,2228.0,4913,351.39660000000003,1449.1885926,1800.5851926,-427.4148074
NTR697519MRE1@EME,Energex,Nectr,Nectr 100% Clean,MARKET,2023-12-21 00:00:00+00:00,,1969.0,4613,371.124,1190.8279593,1561.9519593,-407.0480407
NTR697504MRE1@EME,Ausgrid,Nectr,Nectr 100% Clean,MARKET,2023-12-21 00:00:00+00:00,,1827.0,3911,335.62200000000007,1135.5283442,1471.1503442,-355.84965579999994
NTR24031SRE9@EME,Ausgrid,Nectr,Nectr Standing Offer,STANDING,2023-07-01 00:00:00+00:00,,1827.0,3911,378.81,1281.6347000000003,1660.4447000000002,-166.55529999999976
NTR198475MRE9@EME,SA Power Networks,Nectr,Nectr Standing Offer,STANDING,2023-07-01 00:00:00+00:00,,2279.0,4011,472.87199999999996,1598.7846,2071.6566,-207.3434000000002
NTR89171SRE8@EME,Energex,Nectr,Nectr Standing Offer,STANDING,2023-07-01 00:00:00+00:00,,1969.0,4613,425.10900000000004,1364.0641,1789.1731,-179.82690000000002
NTR49974SRE10@EME,Endeavour,Nectr,Nectr Standing Offer,STANDING,2023-07-01 00:00:00+00:00,,2228.0,4913,395.28,1630.1334,2025.4134,-202.5866000000001
NTR52273SRE10@EME,Essential Energy,Nectr,Nectr Standing Offer,STANDING,2023-07-01 00:00:00+00:00,,2527.0,4613,658.8,1637.615,2296.415,-230.58500000000004
ORI665082MRE4@EME,Ausgrid,Origin Energy,Origin Everyday Rewards Variable,MARKET,2024-02-28 00:00:00+00:00,,1827.0,3911,289.5792,1188.1618,1477.741,-349.259
ORI676976MRE3@EME,Ausgrid,Origin Energy,Origin Advantage Variable - Residential Connections,MARKET,2024-02-28 00:00:00+00:00,,1827.0,3911,276.58619999999996,1134.9722000000002,1411.5584000000001,-415.4415999999999
ORI660927MRE3@EME,Ausgrid,Origin Energy,Origin Go Solar Variable,MARKET,2024-02-28 00:00:00+00:00,,1827.0,3911,283.06440000000003,1161.567,1444.6314,-382.3686
ORI645672MRE7@EME,Ausgrid,Origin Energy,Origin Go Variable - New Customer Online Offer Only,MARKET,2024-02-28 00:00:00+00:00,,1827.0,3911,276.58619999999996,1134.9722000000002,1411.5584000000001,-415.4415999999999
ORI645677MRE7@EME,Energex,Origin Energy,Origin Go Variable - New Customer Online Offer Only,MARKET,2024-02-28 00:00:00+00:00,,1969.0,4613,401.24580000000003,1209.404049,1610.649849,-358.3501510000001
ORI645694MRE7@EME,Endeavour,Origin Energy,Origin Go Variable - New Customer Online Offer Only,MARKET,2024-02-28 00:00:00+00:00,,2228.0,4913,277.1718,1545.408715,1822.580515,-405.4194849999999
ORI554331MRE8@EME,Essential Energy,Origin Energy,Origin Advantage Variable ePlus - One Big Switch,MARKET,2024-02-28 00:00:00+00:00,,2527.0,4613,531.798,1512.5196660000001,2044.3176660000001,-482.68233399999986
ORI554334MRE8@EME,Ausgrid,Origin Energy,Origin Advantage Variable ePlus - One Big Switch,MARKET,2024-02-28 00:00:00+00:00,,1827.0,3911,273.3288,1121.6748,1395.0036,-431.9964
ORI554356MRE8@EME,Energex,Origin Energy,Origin Advantage Variable ePlus - One Big Switch,MARKET,2024-02-28 00:00:00+00:00,,1969.0,4613,396.7806,1195.9848319999999,1592.765432,-376.2345680000001
ORI554362MRE8@EME,Endeavour,Origin Energy,Origin Advantage Variable ePlus - One Big Switch,MARKET,2024-02-28 00:00:00+00:00,,2228.0,4913,274.0974,1528.257432,1802.354832,-425.645168
ORI539626MRE9@EME,Essential Energy,Origin Energy,Origin Advantage Variable - Residential Connections,MARKET,2024-02-28 00:00:00+00:00,,2527.0,4613,537.7638000000001,1529.5047319999999,2067.268532,-459.73146799999995
ORI542325MRE8@EME,Ausgrid,Origin Energy,Origin Go Variable,MARKET,2024-02-28 00:00:00+00:00,,1827.0,3911,276.58619999999996,1134.9722000000002,1411.5584000000001,-415.4415999999999
ORI539595MRE9@EME,Ausgrid,Origin Energy,Origin Advantage Variable - Residential Connections,MARKET,2024-02-28 00:00:00+00:00,,1827.0,3911,276.58619999999996,1134.9722000000002,1411.5584000000001,-415.4415999999999
ORI539610MRE9@EME,Energex,Origin Energy,Origin Advantage Variable - Residential Connections,MARKET,2024-02-28 00:00:00+00:00,,1969.0,4613,401.24580000000003,1209.404049,1610.649849,-358.3501510000001
ORI539593MRE9@EME,Endeavour,Origin Energy,Origin Advantage Variable - Residential Connections,MARKET,2024-02-28 00:00:00+00:00,,2228.0,4913,277.1718,1545.408715,1822.580515,-405.4194849999999
ORI539511MRE7@EME,Essential Energy,Origin Energy,Origin Advantage Variable - iSelect,MARKET,2024-02-28 00:00:00+00:00,,2527.0,4613,537.7638000000001,1529.5047319999999,2067.268532,-459.73146799999995
ORI539477MRE7@EME,Ausgrid,Origin Energy,Origin Advantage Variable - iSelect,MARKET,2024-02-28 00:00:00+00:00,,1827.0,3911,276.58619999999996,1134.9722000000002,1411.5584000000001,-415.4415999999999
ORI539485MRE7@EME,Energex,Origin Energy,Origin Advantage Variable - iSelect,MARKET,2024-02-28 00:00:00+00:00,,1969.0,4613,401.24580000000003,1209.404049,1610.649849,-358.3501510000001
ORI539488MRE7@EME,Endeavour,Origin Energy,Origin Advantage Variable - iSelect,MARKET,2024-02-28 00:00:00+00:00,,2228.0,4913,277.1718,1545.408715,1822.580515,-405.4194849999999
ORI539432MRE9@EME,Energex,Origin Energy,Origin Advantage Variable - Go Switch,MARKET,2024-02-28 00:00:00+00:00,,1969.0,4613,401.24580000000003,1209.404049,1610.649849,-358.3501510000001
ORI539325MRE9@EME,Essential Energy,Origin Energy,Origin Advantage Variable - Electricity Wizard,MARKET,2024-02-28 00:00:00+00:00,,2527.0,4613,537.7638000000001,1529.5047319999999,2067.268532,-459.73146799999995
ORI539381MRE9@EME,Essential Energy,Origin Energy,Origin Advantage Variable - Go Switch,MARKET,2024-02-28 00:00:00+00:00,,2527.0,4613,537.7638000000001,1529.5047319999999,2067.268532,-459.73146799999995
ORI539376MRE9@EME,Ausgrid,Origin Energy,Origin Advantage Variable - Go Switch,MARKET,2024-02-28 00:00:00+00:00,,1827.0,3911,276.58619999999996,1134.9722000000002,1411.5584000000001,-415.4415999999999
ORI539332MRE9@EME,Energex,Origin Energy,Origin Advantage Variable - Electricity Wizard,MARKET,2024-02-28 00:00:00+00:00,,1969.0,4613,401.24580000000003,1209.404049,1610.649849,-358.3501510000001
ORI539408MRE9@EME,Endeavour,Origin Energy,Origin Advantage Variable - Go Switch,MARKET,2024-02-28 00:00:00+00:00,,2228.0,4913,277.1718,1545.408715,1822.580515,-405.4194849999999
ORI539327MRE9@EME,Endeavour,Origin Energy,Origin Advantage Variable - Electricity Wizard,MARKET,2024-02-28 00:00:00+00:00,,2228.0,4913,277.1718,1545.408715,1822.580515,-405.4194849999999
ORI539291MRE9@EME,Ausgrid,Origin Energy,Origin Advantage Variable - Electricity Wizard,MARKET,2024-02-28 00:00:00+00:00,,1827.0,3911,276.58619999999996,1134.9722000000002,1411.5584000000001,-415.4415999999999
ORI539255MRE8@EME,Energex,Origin Energy,Origin Advantage Variable - Electricity Monster,MARKET,2024-02-28 00:00:00+00:00,,1969.0,4613,401.24580000000003,1209.404049,1610.649849,-358.3501510000001
ORI539253MRE8@EME,Endeavour,Origin Energy,Origin Advantage Variable - Electricity Monster,MARKET,2024-02-28 00:00:00+00:00,,2228.0,4913,277.1718,1545.408715,1822.580515,-405.4194849999999
ORI539247MRE8@EME,Essential Energy,Origin Energy,Origin Advantage Variable - Electricity Monster,MARKET,2024-02-28 00:00:00+00:00,,2527.0,4613,537.7638000000001,1529.5047319999999,2067.268532,-459.73146799999995
ORI539153MRE8@EME,Essential Energy,Origin Energy,Origin Advantage Variable - Compare the Market,MARKET,2024-02-28 00:00:00+00:00,,2527.0,4613,537.7638000000001,1529.5047319999999,2067.268532,-459.73146799999995
ORI539235MRE8@EME,Ausgrid,Origin Energy,Origin Advantage Variable - Electricity Monster,MARKET,2024-02-28 00:00:00+00:00,,1827.0,3911,276.58619999999996,1134.9722000000002,1411.5584000000001,-415.4415999999999
ORI539161MRE8@EME,Ausgrid,Origin Energy,Origin Advantage Variable - Compare the Market,MARKET,2024-02-28 00:00:00+00:00,,1827.0,3911,276.58619999999996,1134.9722000000002,1411.5584000000001,-415.4415999999999
ORI539156MRE8@EME,Endeavour,Origin Energy,Origin Advantage Variable - Compare the Market,MARKET,2024-02-28 00:00:00+00:00,,2228.0,4913,277.1718,1545.408715,1822.580515,-405.4194849999999
ORI493122MRE19@EME,Ausgrid,Origin Energy,Origin Everyday Rewards Variable - New Customer Only,MARKET,2024-02-28 00:00:00+00:00,,1827.0,3911,289.5792,1188.1618,1477.741,-349.259
ORI539138MRE8@EME,Energex,Origin Energy,Origin Advantage Variable - Compare the Market,MARKET,2024-02-28 00:00:00+00:00,,1969.0,4613,401.24580000000003,1209.404049,1610.649849,-358.3501510000001
ORI493107MRE19@EME,Energex,Origin Energy,Origin Everyday Rewards Variable - New Customer Only,MARKET,2024-02-28 00:00:00+00:00,,1969.0,4613,419.07,1263.168564,1682.238564,-286.761436
ORI493113MRE19@EME,Endeavour,Origin Energy,Origin Everyday Rewards Variable - New Customer Only,MARKET,2024-02-28 00:00:00+00:00,,2228.0,4913,289.4694,1614.1022810000002,1903.5716810000001,-324.4283189999999
ORI430435MRE13@EME,Essential Energy,Origin Energy,Origin Advantage Variable ePlus - FiftyUp Club,MARKET,2024-02-28 00:00:00+00:00,,2527.0,4613,531.798,1512.5196660000001,2044.3176660000001,-482.68233399999986
ORI430439MRE14@EME,Ausgrid,Origin Energy,Origin Advantage Variable ePlus - FiftyUp Club,MARKET,2024-02-28 00:00:00+00:00,,1827.0,3911,273.3288,1121.6748,1395.0036,-431.9964
ORI430401MRE14@EME,Endeavour,Origin Energy,Origin Advantage Variable ePlus - FiftyUp Club,MARKET,2024-02-28 00:00:00+00:00,,2228.0,4913,274.0974,1528.257432,1802.354832,-425.645168
ORI430394MRE14@EME,Energex,Origin Energy,Origin Advantage Variable ePlus - FiftyUp Club,MARKET,2024-02-28 00:00:00+00:00,,1969.0,4613,396.7806,1195.9848319999999,1592.765432,-376.2345680000001
ORI704206MRE1@EME,Ausgrid,Origin Energy,Origin Everyday Rewards Variable - Summer Campaign,MARKET,2024-01-30 00:00:00+00:00,,1827.0,3911,253.78440000000003,1041.46019,1295.24459,-531.75541
ORI704242MRE1@EME,Energex,Origin Energy,Origin Everyday Rewards Variable - Summer Campaign,MARKET,2024-01-30 00:00:00+00:00,,1969.0,4613,356.66700000000003,1075.01352,1431.68052,-537.3194800000001
ORI704213MRE1@EME,Endeavour,Origin Energy,Origin Everyday Rewards Variable - Summer Campaign,MARKET,2024-01-30 00:00:00+00:00,,2228.0,4913,246.3546,1373.6748,1620.0294,-607.9706000000001
ORI704169MRE1@EME,Energex,Origin Energy,Origin Everyday Rewards Variable - Summer Campaign,MARKET,2024-01-30 00:00:00+00:00,,1969.0,4613,356.66700000000003,1075.01352,1431.68052,-537.3194800000001
ORI704140MRE1@EME,Endeavour,Origin Energy,Origin Everyday Rewards Variable - Summer Campaign,MARKET,2024-01-30 00:00:00+00:00,,2228.0,4913,246.3546,1373.6748,1620.0294,-607.9706000000001
ORI704133MRE1@EME,Ausgrid,Origin Energy,Origin Everyday Rewards Variable - Summer Campaign,MARKET,2024-01-30 00:00:00+00:00,,1827.0,3911,253.78440000000003,1041.46019,1295.24459,-531.75541
ORI698142MRE1@EME,Ausgrid,Origin Energy,Origin Essentials Variable,MARKET,2023-12-21 00:00:00+00:00,,1827.0,3911,325.374,1335.2153999999998,1660.5893999999998,-166.41060000000016
ORI698163MRE1@EME,Endeavour,Origin Energy,Origin Essentials Variable,MARKET,2023-12-21 00:00:00+00:00,,2228.0,4913,307.9524,1717.0935000000002,2025.0459,-202.95409999999993
ORI698118MRE1@EME,Energex,Origin Energy,Origin Essentials Variable,MARKET,2023-12-21 00:00:00+00:00,,1969.0,4613,445.8246,1343.7669,1789.5915,-179.4085
ORI429196MRE7@EME,Ausgrid,Origin Energy,Origin Basic,MARKET,2023-12-20 00:00:00+00:00,,1827.0,3911,325.374,1335.2153999999998,1660.5893999999998,-166.41060000000016
ORI429186MRE7@EME,Endeavour,Origin Energy,Origin Basic,MARKET,2023-12-20 00:00:00+00:00,,2228.0,4913,307.9524,1717.0935000000002,2025.0459,-202.95409999999993
ORI429362SRE7@EME,Endeavour,Origin Energy,Origin Standing,STANDING,2023-12-20 00:00:00+00:00,,2228.0,4913,307.9524,1717.0935000000002,2025.0459,-202.95409999999993
ORI429214MRE7@EME,Energex,Origin Energy,Origin Basic,MARKET,2023-12-20 00:00:00+00:00,,1969.0,4613,445.8246,1343.7669,1789.5915,-179.4085
ORI431308MRE8@EME,Energex,Origin Energy,Origin Solar Boost Plus,MARKET,2023-12-20 00:00:00+00:00,,1969.0,4613,445.8246,1343.7669,1789.5915,-179.4085
ORI431341MRE7@EME,Energex,Origin Energy,Origin Solar Boost Plus,MARKET,2023-12-20 00:00:00+00:00,,1969.0,4613,445.8246,1343.7669,1789.5915,-179.4085
ORI431324MRE9@EME,Endeavour,Origin Energy,Origin Solar Boost Plus,MARKET,2023-12-20 00:00:00+00:00,,2228.0,4913,307.9524,1717.0935000000002,2025.0459,-202.95409999999993
ORI429279SRE7@EME,Energex,Origin Energy,Origin Standing,STANDING,2023-12-20 00:00:00+00:00,,1969.0,4613,445.8246,1343.7669,1789.5915,-179.4085
ORI429278SRE7@EME,Ausgrid,Origin Energy,Origin Standing,STANDING,2023-12-20 00:00:00+00:00,,1827.0,3911,325.374,1335.2153999999998,1660.5893999999998,-166.41060000000016
ORI431366MRE9@EME,Ausgrid,Origin Energy,Origin Solar Boost Plus,MARKET,2023-12-20 00:00:00+00:00,,1827.0,3911,325.374,1335.2153999999998,1660.5893999999998,-166.41060000000016
ORI431347MRE8@EME,Ausgrid,Origin Energy,Origin Solar Boost Plus,MARKET,2023-12-20 00:00:00+00:00,,1827.0,3911,325.374,1335.2153999999998,1660.5893999999998,-166.41060000000016
ORI431376MRE8@EME,Endeavour,Origin Energy,Origin Solar Boost Plus,MARKET,2023-12-20 00:00:00+00:00,,2228.0,4913,307.9524,1717.0935000000002,2025.0459,-202.95409999999993
ORI474175MRE9@EME,Ausgrid,Origin Energy,Origin Home Support,MARKET,2023-12-20 00:00:00+00:00,,1827.0,3911,325.374,1335.2153999999998,1660.5893999999998,-166.41060000000016
ORI474145MRE9@EME,Endeavour,Origin Energy,Origin Home Support,MARKET,2023-12-20 00:00:00+00:00,,2228.0,4913,307.9524,1717.0935000000002,2025.0459,-202.95409999999993
ORI493799MRE11@EME,Endeavour,Origin Energy,Origin Advantage Variable - Rent.com.au,MARKET,2023-12-20 00:00:00+00:00,,2228.0,4913,277.1718,1545.408715,1822.580515,-405.4194849999999
ORI474130MRE9@EME,Energex,Origin Energy,Origin Home Support,MARKET,2023-12-20 00:00:00+00:00,,1969.0,4613,445.8246,1343.7669,1789.5915,-179.4085
ORI493802MRE11@EME,Ausgrid,Origin Energy,Origin Advantage Variable - Rent.com.au,MARKET,2023-12-20 00:00:00+00:00,,1827.0,3911,286.35839999999996,1175.009107,1461.367507,-365.63249300000007
ORI493807MRE11@EME,Energex,Origin Energy,Origin Advantage Variable - Rent.com.au,MARKET,2023-12-20 00:00:00+00:00,,1969.0,4613,401.24580000000003,1209.404049,1610.649849,-358.3501510000001
ORI539793MRE7@EME,Endeavour,Origin Energy,Origin Solar Boost,MARKET,2023-12-20 00:00:00+00:00,,2228.0,4913,307.9524,1717.0935000000002,2025.0459,-202.95409999999993
ORI539824MRE7@EME,Ausgrid,Origin Energy,Origin Solar Boost,MARKET,2023-12-20 00:00:00+00:00,,1827.0,3911,325.374,1335.2153999999998,1660.5893999999998,-166.41060000000016
ORI539813MRE7@EME,Energex,Origin Energy,Origin Solar Boost,MARKET,2023-12-20 00:00:00+00:00,,1969.0,4613,445.8246,1343.7669,1789.5915,-179.4085
ORI542320MRE7@EME,Energex,Origin Energy,Origin Go Variable,MARKET,2023-12-20 00:00:00+00:00,,1969.0,4613,401.24580000000003,1209.404049,1610.649849,-358.3501510000001
ORI542354MRE7@EME,Endeavour,Origin Energy,Origin Go Variable,MARKET,2023-12-20 00:00:00+00:00,,2228.0,4913,277.1718,1545.408715,1822.580515,-405.4194849999999
ORI660920MRE2@EME,Essential Energy,Origin Energy,Origin Go Solar Variable,MARKET,2023-12-20 00:00:00+00:00,,2527.0,4613,549.732,1563.5163810000001,2113.2483810000003,-413.75161899999966
ORI660939MRE2@EME,Endeavour,Origin Energy,Origin Go Solar Variable,MARKET,2023-12-20 00:00:00+00:00,,2228.0,4913,283.32059999999996,1579.755498,1863.076098,-364.923902
ORI660955MRE2@EME,Energex,Origin Energy,Origin Go Solar Variable,MARKET,2023-12-20 00:00:00+00:00,,1969.0,4613,410.17619999999994,1236.284,1646.4602,-322.5398
ORI665043MRE3@EME,Energex,Origin Energy,Origin Everyday Rewards Variable,MARKET,2023-12-20 00:00:00+00:00,,1969.0,4613,419.07,1263.168564,1682.238564,-286.761436
ORI676990MRE2@EME,Essential Energy,Origin Energy,Origin Advantage Variable - Residential Connections,MARKET,2023-12-20 00:00:00+00:00,,2527.0,4613,537.7638000000001,1529.5047319999999,2067.268532,-459.73146799999995
ORI665074MRE3@EME,Endeavour,Origin Energy,Origin Everyday Rewards Variable,MARKET,2023-12-20 00:00:00+00:00,,2228.0,4913,289.4694,1614.1022810000002,1903.5716810000001,-324.4283189999999
ORI676972MRE2@EME,Endeavour,Origin Energy,Origin Advantage Variable - Residential Connections,MARKET,2023-12-20 00:00:00+00:00,,2228.0,4913,277.1718,1545.408715,1822.580515,-405.4194849999999
ORI676965MRE2@EME,Energex,Origin Energy,Origin Advantage Variable - Residential Connections,MARKET,2023-12-20 00:00:00+00:00,,1969.0,4613,401.24580000000003,1209.404049,1610.649849,-358.3501510000001
ORI431324MRE8@EME,Endeavour,Origin Energy,Origin Solar Boost Plus,MARKET,2023-10-18 00:00:00+00:00,,2228.0,4913,307.9524,1717.0935000000002,2025.0459,-202.95409999999993
ORI431308MRE7@EME,Energex,Origin Energy,Origin Solar Boost Plus,MARKET,2023-10-18 00:00:00+00:00,,1969.0,4613,445.8246,1343.7669,1789.5915,-179.4085
ORI493799MRE10@EME,Endeavour,Origin Energy,Origin Advantage Variable - Rent.com.au,MARKET,2023-10-10 00:00:00+00:00,,2228.0,4913,277.1718,1545.408715,1822.580515,-405.4194849999999
ORI474175MRE8@EME,Ausgrid,Origin Energy,Origin Home Support,MARKET,2023-10-09 00:00:00+00:00,,1827.0,3911,325.374,1335.2153999999998,1660.5893999999998,-166.41060000000016
ORI431341MRE6@EME,Energex,Origin Energy,Origin Solar Boost Plus,MARKET,2023-10-09 00:00:00+00:00,,1969.0,4613,445.8246,1343.7669,1789.5915,-179.4085
ORI542320MRE6@EME,Energex,Origin Energy,Origin Go Variable,MARKET,2023-10-09 00:00:00+00:00,,1969.0,4613,401.24580000000003,1209.404049,1610.649849,-358.3501510000001
ORI429279SRE6@EME,Energex,Origin Energy,Origin Standing,STANDING,2023-10-09 00:00:00+00:00,,1969.0,4613,445.8246,1343.7669,1789.5915,-179.4085
ORI429278SRE6@EME,Ausgrid,Origin Energy,Origin Standing,STANDING,2023-10-09 00:00:00+00:00,,1827.0,3911,325.374,1335.2153999999998,1660.5893999999998,-166.41060000000016
OVO704436MRE4@EME,SA Power Networks,OVO Energy,The EV Plan Telsa Giveaway,MARKET,2024-02-09 00:00:00+00:00,,2279.0,4011,398.94,1853.082,2252.022,-26.978000000000065
OVO704422MRE4@EME,Energex,OVO Energy,The EV Plan Telsa Giveaway,MARKET,2024-02-09 00:00:00+00:00,,1969.0,4613,311.1,1453.095,1764.1950000000002,-204.80499999999984
OVO704416MRE4@EME,Endeavour,OVO Energy,The EV Plan Telsa Giveaway,MARKET,2024-02-09 00:00:00+00:00,,2228.0,4913,300.12,1621.29,1921.4099999999999,-306.59000000000015
OVO704311MRE4@EME,SA Power Networks,OVO Energy,The Basic EV Plan Telsa Giveaway,MARKET,2024-02-09 00:00:00+00:00,,2279.0,4011,418.88700000000006,1945.7360999999999,2364.6231,85.6230999999998
OVO704305MRE4@EME,Energex,OVO Energy,The Basic EV Plan Telsa Giveaway,MARKET,2024-02-09 00:00:00+00:00,,1969.0,4613,326.655,1525.7497500000002,1852.4047500000001,-116.59524999999985
OVO704290MRE4@EME,Endeavour,OVO Energy,The Basic EV Plan Telsa Giveaway,MARKET,2024-02-09 00:00:00+00:00,,2228.0,4913,315.126,1702.3545,2017.4805,-210.5195000000001
OVO704516MRE3@EME,SA Power Networks,OVO Energy,The One Plan Telsa Giveaway,MARKET,2024-02-01 00:00:00+00:00,,2279.0,4011,398.94,1544.2350000000001,1943.1750000000002,-335.8249999999998
OVO704507MRE3@EME,Energex,OVO Energy,The One Plan Telsa Giveaway,MARKET,2024-02-01 00:00:00+00:00,,1969.0,4613,311.1,1157.863,1468.9630000000002,-500.0369999999998
OVO704492MRE3@EME,Endeavour,OVO Energy,The One Plan Telsa Giveaway,MARKET,2024-02-01 00:00:00+00:00,,2228.0,4913,300.12,1311.7710000000002,1611.891,-616.1089999999999
OVO704473MRE3@EME,SA Power Networks,OVO Energy,The Free 3 Plan Telsa Giveaway,MARKET,2024-02-01 00:00:00+00:00,,2279.0,4011,398.94,1788.906,2187.846,-91.154
OVO704477MRE3@EME,Ausgrid,OVO Energy,The One Plan Telsa Giveaway,MARKET,2024-02-01 00:00:00+00:00,,1827.0,3911,256.2,1063.7920000000001,1319.9920000000002,-507.0079999999998
OVO704452MRE3@EME,Endeavour,OVO Energy,The Free 3 Plan Telsa Giveaway,MARKET,2024-02-01 00:00:00+00:00,,2228.0,4913,300.12,1527.943,1828.063,-399.9369999999999
OVO704460MRE3@EME,Energex,OVO Energy,The Free 3 Plan Telsa Giveaway,MARKET,2024-02-01 00:00:00+00:00,,1969.0,4613,311.1,1374.674,1685.774,-283.2260000000001
OVO704348MRE3@EME,SA Power Networks,OVO Energy,The Basic Free 3 Plan Telsa Giveaway,MARKET,2024-02-01 00:00:00+00:00,,2279.0,4011,418.88700000000006,1878.3513,2297.2383,18.23829999999998
OVO704342MRE3@EME,Energex,OVO Energy,The Basic Free 3 Plan Telsa Giveaway,MARKET,2024-02-01 00:00:00+00:00,,1969.0,4613,326.655,1443.4077,1770.0627,-198.93730000000005
OVO704327MRE3@EME,Endeavour,OVO Energy,The Basic Free 3 Plan Telsa Giveaway,MARKET,2024-02-01 00:00:00+00:00,,2228.0,4913,315.126,1604.34015,1919.46615,-308.53385000000003
OVO704385MRE3@EME,SA Power Networks,OVO Energy,The Basic Plan Telsa Giveaway,MARKET,2024-02-01 00:00:00+00:00,,2279.0,4011,418.88700000000006,1621.44675,2040.3337500000002,-238.66624999999976
OVO704370MRE3@EME,Energex,OVO Energy,The Basic Plan Telsa Giveaway,MARKET,2024-02-01 00:00:00+00:00,,1969.0,4613,326.655,1215.75615,1542.41115,-426.5888500000001
OVO704364MRE3@EME,Endeavour,OVO Energy,The Basic Plan Telsa Giveaway,MARKET,2024-02-01 00:00:00+00:00,,2228.0,4913,315.126,1377.35955,1692.4855499999999,-535.5144500000001
OVO404814SRE4@EME,Energex,OVO Energy,Basic Standing Offer,STANDING,2023-07-01 00:00:00+00:00,,1969.0,4613,387.96,1383.8999999999999,1771.86,-197.1400000000001
OVO404811SRE4@EME,Endeavour,OVO Energy,Basic Standing Offer,STANDING,2023-07-01 00:00:00+00:00,,2228.0,4913,313.69859999999994,1704.8110000000001,2018.5096,-209.4903999999999
OVO404829SRE4@EME,SA Power Networks,OVO Energy,Basic Standing Offer,STANDING,2023-07-01 00:00:00+00:00,,2279.0,4011,420.9,1624.4550000000002,2045.355,-233.64499999999998
OVO404796SRE4@EME,Ausgrid,OVO Energy,Basic Standing Offer,STANDING,2023-07-01 00:00:00+00:00,,1827.0,3911,329.4,1290.63,1620.0300000000002,-206.9699999999998
PAC704557MRE1@EME,Energex,Pacific Blue Retail,Green100,MARKET,2024-01-30 00:00:00+00:00,,1969.0,4613,373.32,1746.0205,2119.3405000000002,150.34050000000025
PAC703852MRE1@EME,SA Power Networks,Pacific Blue Retail,Green100,MARKET,2024-01-30 00:00:00+00:00,,2279.0,4011,329.4,1776.8729999999998,2106.2729999999997,-172.72700000000032
PAC702552MRE1@EME,SA Power Networks,Pacific Blue Retail,Blue First,MARKET,2024-01-30 00:00:00+00:00,,2279.0,4011,329.4,1399.839,1729.239,-549.761
PAC704541MRE1@EME,Ausgrid,Pacific Blue Retail,Green100,MARKET,2024-01-30 00:00:00+00:00,,1827.0,3911,292.8,1417.7375,1710.5375,-116.46250000000009
PAC702427MRE1@EME,Ausgrid,Pacific Blue Retail,Blue First,MARKET,2024-01-30 00:00:00+00:00,,1827.0,3911,259.86,1106.813,1366.6730000000002,-460.32699999999977
PAC702547MRE1@EME,Energex,Pacific Blue Retail,Blue First,MARKET,2024-01-30 00:00:00+00:00,,1969.0,4613,355.02,1416.191,1771.211,-197.789
PAC704542MRE1@EME,Endeavour,Pacific Blue Retail,Green100,MARKET,2024-01-30 00:00:00+00:00,,2228.0,4913,366.0,1768.6799999999998,2134.68,-93.32000000000016
PAC702428MRE1@EME,Endeavour,Pacific Blue Retail,Blue First,MARKET,2024-01-30 00:00:00+00:00,,2228.0,4913,329.4,1382.5182,1711.9182,-516.0817999999999
PAC697281MRE1@EME,SA Power Networks,Pacific Blue Retail,Blue Home,MARKET,2024-01-09 00:00:00+00:00,,2279.0,4011,329.4,1500.114,1829.5140000000001,-449.4859999999999
PAC694071MRE1@EME,Energex,Pacific Blue Retail,Blue Home,MARKET,2024-01-09 00:00:00+00:00,,1969.0,4613,366.0,1416.191,1782.191,-186.80899999999997
PAC694021MRE1@EME,Ausgrid,Pacific Blue Retail,Blue Home,MARKET,2024-01-09 00:00:00+00:00,,1827.0,3911,259.86,1196.766,1456.6260000000002,-370.3739999999998
PAC694022MRE1@EME,Endeavour,Pacific Blue Retail,Blue Home,MARKET,2024-01-09 00:00:00+00:00,,2228.0,4913,336.72,1464.0739999999998,1800.7939999999999,-427.20600000000013
PSH710711MRE1@EME,Energex,Powershop,Switch Saver,MARKET,2024-02-22 00:00:00+00:00,,1969.0,4613,404.7594,1205.672132,1610.431532,-358.56846799999994
PSH710707MRE1@EME,Energex,Powershop,Switch Saver,MARKET,2024-02-22 00:00:00+00:00,,1969.0,4613,404.7594,1205.672132,1610.431532,-358.56846799999994
PSH709291MRE1@EME,Essential Energy,Powershop,Power Offset,MARKET,2024-02-22 00:00:00+00:00,,2527.0,4613,725.9609999999999,1557.1458280000002,2283.106828,-243.89317200000005
PSH709312MRE1@EME,Energex,Powershop,Power Offset,MARKET,2024-02-22 00:00:00+00:00,,1969.0,4613,484.1814,1233.9775,1718.1589,-250.8411000000001
PSH709292MRE1@EME,Energex,Powershop,Power House,MARKET,2024-02-22 00:00:00+00:00,,1969.0,4613,404.7594,1205.672132,1610.431532,-358.56846799999994
PSH709289MRE1@EME,Energex,Powershop,Power House,MARKET,2024-02-22 00:00:00+00:00,,1969.0,4613,404.7594,1205.672132,1610.431532,-358.56846799999994
PSH709276MRE1@EME,SA Power Networks,Powershop,Power House,MARKET,2024-02-22 00:00:00+00:00,,2279.0,4011,390.96119999999996,1500.479001,1891.440201,-387.5597990000001
PSH709254MRE1@EME,SA Power Networks,Powershop,Power Offset,MARKET,2024-02-22 00:00:00+00:00,,2279.0,4011,489.19559999999996,1500.7316939999998,1989.9272939999998,-289.07270600000015
PSH709280MRE1@EME,Ausgrid,Powershop,Power Offset,MARKET,2024-02-22 00:00:00+00:00,,1827.0,3911,455.487,1146.998525,1602.485525,-224.51447499999995
PSH709250MRE1@EME,Energex,Powershop,Power Offset,MARKET,2024-02-22 00:00:00+00:00,,1969.0,4613,484.1814,1233.9775,1718.1589,-250.8411000000001
PSH709233MRE1@EME,Endeavour,Powershop,Power Offset,MARKET,2024-02-22 00:00:00+00:00,,2228.0,4913,454.4622,1501.633885,1956.096085,-271.9039150000001
PSH709155MRE1@EME,Essential Energy,Powershop,Power House,MARKET,2024-02-22 00:00:00+00:00,,2527.0,4613,553.758,1374.2127,1927.9707,-599.0292999999999
PSH709148MRE1@EME,Ausgrid,Powershop,Power House,MARKET,2024-02-22 00:00:00+00:00,,1827.0,3911,322.2264,972.2746,1294.501,-532.499
PSH709147MRE1@EME,Endeavour,Powershop,Power House,MARKET,2024-02-22 00:00:00+00:00,,2228.0,4913,356.81339999999994,1242.0064000000002,1598.8198000000002,-629.1801999999998
PSH577358SRE2@EME,SA Power Networks,Powershop,Standing Offer,STANDING,2023-08-01 00:00:00+00:00,,2279.0,4011,420.2778,1649.4074310000003,2069.6852310000004,-209.31476899999961
PSH577371SRE2@EME,Ausgrid,Powershop,Standing Offer,STANDING,2023-08-01 00:00:00+00:00,,1827.0,3911,413.1042,1246.380946,1659.485146,-167.514854
PSH577378SRE2@EME,Energex,Powershop,Standing Offer,STANDING,2023-08-01 00:00:00+00:00,,1969.0,4613,449.814,1338.7756339999999,1788.589634,-180.41036600000007
PSH577336SRE2@EME,Endeavour,Powershop,Standing Offer,STANDING,2023-08-01 00:00:00+00:00,,2228.0,4913,451.644,1572.282825,2023.926825,-204.073175
PSH577304SRE2@EME,Essential Energy,Powershop,Standing Offer,STANDING,2023-08-01 00:00:00+00:00,,2527.0,4613,659.2392,1636.041967,2295.281167,-231.7188329999999
REA392097MRE3@EME,Energex,ReAmped Energy,ReAmped Classic | Anytime,MARKET,2023-08-08 00:00:00+00:00,,1969.0,4613,287.127,1502.4541,1789.5810999999999,-179.41890000000012
REA391952MRE3@EME,Energex,ReAmped Energy,ReAmped Advance | Anytime,MARKET,2023-08-08 00:00:00+00:00,,1969.0,4613,287.127,1502.4541,1789.5810999999999,-179.41890000000012
REA392074MRE3@EME,Energex,ReAmped Energy,ReAmped Solar | Anytime,MARKET,2023-08-08 00:00:00+00:00,,1969.0,4613,287.127,1502.4541,1789.5810999999999,-179.41890000000012
REA391944MRE3@EME,Energex,ReAmped Energy,ReAmped Handshake | Anytime,MARKET,2023-08-08 00:00:00+00:00,,1969.0,4613,287.127,1502.4541,1789.5810999999999,-179.41890000000012
REA392027MRE3@EME,Ausgrid,ReAmped Energy,ReAmped Classic | Anytime,MARKET,2023-08-01 00:00:00+00:00,,1827.0,3911,287.127,1373.5431999999998,1660.6701999999998,-166.3298000000002
REA391966MRE3@EME,Essential Energy,ReAmped Energy,ReAmped Handshake | Anytime,MARKET,2023-08-01 00:00:00+00:00,,2527.0,4613,516.8286,1781.0793,2297.9079,-229.09209999999985
REA391962MRE3@EME,Ausgrid,ReAmped Energy,ReAmped Advance | Anytime,MARKET,2023-08-01 00:00:00+00:00,,1827.0,3911,287.127,1373.5431999999998,1660.6701999999998,-166.3298000000002
REA391973MRE3@EME,Endeavour,ReAmped Energy,ReAmped Solar | Anytime,MARKET,2023-08-01 00:00:00+00:00,,2228.0,4913,294.813,1730.8498999999997,2025.6628999999998,-202.3371000000002
REA391974MRE3@EME,Essential Energy,ReAmped Energy,ReAmped Solar | Anytime,MARKET,2023-08-01 00:00:00+00:00,,2527.0,4613,516.8286,1781.0793,2297.9079,-229.09209999999985
REA391961MRE3@EME,Endeavour,ReAmped Energy,ReAmped Advance | Anytime,MARKET,2023-08-01 00:00:00+00:00,,2228.0,4913,294.813,1730.8498999999997,2025.6628999999998,-202.3371000000002
REA391928MRE3@EME,Ausgrid,ReAmped Energy,ReAmped Handshake | Anytime,MARKET,2023-08-01 00:00:00+00:00,,1827.0,3911,287.127,1373.5431999999998,1660.6701999999998,-166.3298000000002
REA391891MRE3@EME,Endeavour,ReAmped Energy,ReAmped Handshake | Anytime,MARKET,2023-08-01 00:00:00+00:00,,2228.0,4913,294.813,1730.8498999999997,2025.6628999999998,-202.3371000000002
REA391865MRE3@EME,SA Power Networks,ReAmped Energy,ReAmped Classic | Anytime,MARKET,2023-08-01 00:00:00+00:00,,2279.0,4011,294.813,1776.8729999999998,2071.6859999999997,-207.3140000000003
REA391857MRE3@EME,SA Power Networks,ReAmped Energy,ReAmped Advance | Anytime,MARKET,2023-08-01 00:00:00+00:00,,2279.0,4011,294.813,1776.8729999999998,2071.6859999999997,-207.3140000000003
REA391858MRE3@EME,SA Power Networks,ReAmped Energy,ReAmped Solar | Anytime,MARKET,2023-08-01 00:00:00+00:00,,2279.0,4011,294.813,1776.8729999999998,2071.6859999999997,-207.3140000000003
REA391871MRE3@EME,SA Power Networks,ReAmped Energy,ReAmped Handshake | Anytime,MARKET,2023-08-01 00:00:00+00:00,,2279.0,4011,294.813,1776.8729999999998,2071.6859999999997,-207.3140000000003
REA392110MRE3@EME,Essential Energy,ReAmped Energy,ReAmped Classic | Anytime,MARKET,2023-08-01 00:00:00+00:00,,2527.0,4613,516.8286,1781.0793,2297.9079,-229.09209999999985
REA392061MRE3@EME,Ausgrid,ReAmped Energy,ReAmped Solar | Anytime,MARKET,2023-08-01 00:00:00+00:00,,1827.0,3911,287.127,1373.5431999999998,1660.6701999999998,-166.3298000000002
REA392068MRE3@EME,Endeavour,ReAmped Energy,ReAmped Classic | Anytime,MARKET,2023-08-01 00:00:00+00:00,,2228.0,4913,294.813,1730.8498999999997,2025.6628999999998,-202.3371000000002
REA392034MRE3@EME,Essential Energy,ReAmped Energy,ReAmped Advance | Anytime,MARKET,2023-08-01 00:00:00+00:00,,2527.0,4613,516.8286,1781.0793,2297.9079,-229.09209999999985
REA251070SRE4@EME,SA Power Networks,ReAmped Energy,ReAmped Standard | Anytime,STANDING,2023-07-01 00:00:00+00:00,,2279.0,4011,294.813,1776.8729999999998,2071.6859999999997,-207.3140000000003
REA251054SRE4@EME,Energex,ReAmped Energy,ReAmped Standard | Anytime,STANDING,2023-07-01 00:00:00+00:00,,1969.0,4613,287.127,1502.4541,1789.5810999999999,-179.41890000000012
REA251050SRE4@EME,Endeavour,ReAmped Energy,ReAmped Standard | Anytime,STANDING,2023-07-01 00:00:00+00:00,,2228.0,4913,294.813,1730.8498999999997,2025.6628999999998,-202.3371000000002
REA251046SRE4@EME,Ausgrid,ReAmped Energy,ReAmped Standard | Anytime,STANDING,2023-07-01 00:00:00+00:00,,1827.0,3911,287.127,1373.5431999999998,1660.6701999999998,-166.3298000000002
REA251061SRE4@EME,Essential Energy,ReAmped Energy,ReAmped Standard | Anytime,STANDING,2023-07-01 00:00:00+00:00,,2527.0,4613,516.8286,1781.0793,2297.9079,-229.09209999999985
RED636161MRE4@EME,Energex,Red Energy,Living Energy Solar Saver,MARKET,2024-02-05 00:00:00+00:00,,1969.0,4613,384.0072,1246.4326,1630.4398,-338.5601999999999
RED21278SRE9@EME,SA Power Networks,Red Energy,Standing Offer,STANDING,2024-01-24 00:00:00+00:00,,2279.0,4011,385.6908,1619.6418,2005.3326000000002,-273.6673999999998
RED552850MRE6@EME,Energex,Red Energy,Red EV Saver,MARKET,2024-01-23 00:00:00+00:00,,1969.0,4613,384.0072,1246.4326,1630.4398,-338.5601999999999
RED552754MRE6@EME,Ausgrid,Red Energy,Red BCNA Saver,MARKET,2024-01-23 00:00:00+00:00,,1827.0,3911,251.625,1089.2135,1340.8385,-486.16149999999993
RED552697MRE6@EME,Energex,Red Energy,Red Wildlife Saver,MARKET,2024-01-23 00:00:00+00:00,,1969.0,4613,384.0072,1246.4326,1630.4398,-338.5601999999999
RED552711MRE6@EME,Energex,Red Energy,Red BCNA Saver,MARKET,2024-01-23 00:00:00+00:00,,1969.0,4613,384.0072,1246.4326,1630.4398,-338.5601999999999
RED552744MRE6@EME,Endeavour,Red Energy,Red BCNA Saver,MARKET,2024-01-23 00:00:00+00:00,,2228.0,4913,285.297,1433.6134,1718.9104,-509.0896
RED552693MRE6@EME,Ausgrid,Red Energy,Red Wildlife Saver,MARKET,2024-01-23 00:00:00+00:00,,1827.0,3911,251.625,1089.2135,1340.8385,-486.16149999999993
RED552653MRE6@EME,Endeavour,Red Energy,Red Wildlife Saver,MARKET,2024-01-23 00:00:00+00:00,,2228.0,4913,285.297,1433.6134,1718.9104,-509.0896
RED552169MRE6@EME,Endeavour,Red Energy,Living Energy Saver,MARKET,2024-01-23 00:00:00+00:00,,2228.0,4913,285.297,1433.6134,1718.9104,-509.0896
RED552163MRE6@EME,Ausgrid,Red Energy,Living Energy Saver,MARKET,2024-01-23 00:00:00+00:00,,1827.0,3911,251.625,1089.2135,1340.8385,-486.16149999999993
RED516139MRE4@EME,Ausgrid,Red Energy,Red Fixed Saver,MARKET,2024-01-23 00:00:00+00:00,,1827.0,3911,402.6,1249.5645,1652.1644999999999,-174.83550000000014
RED207668MRE10@EME,Ausgrid,Red Energy,Red Solar Saver,MARKET,2024-01-23 00:00:00+00:00,,1827.0,3911,402.6,1249.5645,1652.1644999999999,-174.83550000000014
RED516151MRE4@EME,Endeavour,Red Energy,Red Fixed Saver,MARKET,2024-01-23 00:00:00+00:00,,2228.0,4913,475.8,1542.682,2018.482,-209.51800000000003
RED207669MRE10@EME,Endeavour,Red Energy,Red Solar Saver,MARKET,2024-01-23 00:00:00+00:00,,2228.0,4913,475.8,1542.682,2018.482,-209.51800000000003
RED689582MRE1@EME,Energex,Red Energy,Qantas Red Solar Saver,MARKET,2023-12-12 00:00:00+00:00,,1969.0,4613,384.0072,1246.4326,1630.4398,-338.5601999999999
RED689575MRE1@EME,Energex,Red Energy,Qantas Red Solar Saver (Bundled),MARKET,2023-12-12 00:00:00+00:00,,1969.0,4613,384.0072,1246.4326,1630.4398,-338.5601999999999
RED552416MRE5@EME,Energex,Red Energy,Qantas Red Saver (Bundled),MARKET,2023-12-12 00:00:00+00:00,,1969.0,4613,323.72700000000003,1220.1385,1543.8655,-425.1344999999999
RED552334MRE5@EME,Energex,Red Energy,Qantas Red Saver,MARKET,2023-12-12 00:00:00+00:00,,1969.0,4613,323.72700000000003,1220.1385,1543.8655,-425.1344999999999
RED552216MRE5@EME,Energex,Red Energy,Living Energy Saver,MARKET,2023-12-12 00:00:00+00:00,,1969.0,4613,323.72700000000003,1220.1385,1543.8655,-425.1344999999999
RED552839MRE5@EME,Ausgrid,Red Energy,Red EV Saver,MARKET,2023-11-15 00:00:00+00:00,,1827.0,3911,251.625,1089.2135,1340.8385,-486.16149999999993
RED552813MRE5@EME,Ausgrid,Red Energy,Red Taronga Flex,MARKET,2023-11-15 00:00:00+00:00,,1827.0,3911,251.625,1089.2135,1340.8385,-486.16149999999993
RED552840MRE5@EME,Essential Energy,Red Energy,Red EV Saver,MARKET,2023-11-15 00:00:00+00:00,,2527.0,4613,483.77880000000005,1496.9185,1980.6973,-546.3027
RED552832MRE5@EME,Endeavour,Red Energy,Red EV Saver,MARKET,2023-11-15 00:00:00+00:00,,2228.0,4913,285.297,1433.6134,1718.9104,-509.0896
RED552793MRE5@EME,Endeavour,Red Energy,Red Taronga Flex,MARKET,2023-11-15 00:00:00+00:00,,2228.0,4913,285.297,1433.6134,1718.9104,-509.0896
RED552394MRE5@EME,Ausgrid,Red Energy,Qantas Red Saver (Bundled),MARKET,2023-11-15 00:00:00+00:00,,1827.0,3911,251.625,1089.2135,1340.8385,-486.16149999999993
RED552315MRE5@EME,Ausgrid,Red Energy,Qantas Red Saver,MARKET,2023-11-15 00:00:00+00:00,,1827.0,3911,251.625,1089.2135,1340.8385,-486.16149999999993
RED552310MRE5@EME,Endeavour,Red Energy,Qantas Red Saver,MARKET,2023-11-15 00:00:00+00:00,,2228.0,4913,285.297,1433.6134,1718.9104,-509.0896
RED552392MRE5@EME,Endeavour,Red Energy,Qantas Red Saver (Bundled),MARKET,2023-11-15 00:00:00+00:00,,2228.0,4913,285.297,1433.6134,1718.9104,-509.0896
RED21270SRE7@EME,Ausgrid,Red Energy,Standing Offer,STANDING,2023-09-19 00:00:00+00:00,,1827.0,3911,402.6,1249.5645,1652.1644999999999,-174.83550000000014
RED21240SRE7@EME,Energex,Red Energy,Standing Offer,STANDING,2023-09-19 00:00:00+00:00,,1969.0,4613,449.8872,1336.8474,1786.7346000000002,-182.26539999999977
RED21265SRE7@EME,Endeavour,Red Energy,Standing Offer,STANDING,2023-09-19 00:00:00+00:00,,2228.0,4913,475.8,1542.682,2018.482,-209.51800000000003
SUM663195SRE3@EME,SA Power Networks,Sumo,Sumo Standing Offer,STANDING,2024-02-15 00:00:00+00:00,,2279.0,4011,386.862,1684.62,2071.482,-207.51800000000003
SUM698891MRE1@EME,SA Power Networks,Sumo,Sumo Switch Residential,MARKET,2024-01-05 00:00:00+00:00,,2279.0,4011,355.02,1684.62,2039.6399999999999,-239.36000000000013
SUM698876MRE1@EME,Essential Energy,Sumo,Sumo Switch Residential,MARKET,2024-01-05 00:00:00+00:00,,2527.0,4613,475.8,1370.061,1845.8609999999999,-681.1390000000001
SUM698856MRE1@EME,Ausgrid,Sumo,Sumo Switch Residential,MARKET,2024-01-05 00:00:00+00:00,,1827.0,3911,219.6,1114.635,1334.235,-492.7650000000001
SUM698868MRE1@EME,Endeavour,Sumo,Sumo Switch Residential,MARKET,2024-01-05 00:00:00+00:00,,2228.0,4913,270.84,1355.988,1626.828,-601.172
SUM698846MRE1@EME,Energex,Sumo,Sumo Switch Residential,MARKET,2024-01-05 00:00:00+00:00,,1969.0,4613,308.904,1148.637,1457.541,-511.45900000000006
SUM668486MRE2@EME,Energex,Sumo,Sumo Assure Residential,MARKET,2023-11-29 00:00:00+00:00,,1969.0,4613,437.736,1351.609,1789.3449999999998,-179.6550000000002
SUM668369SRE1@EME,Endeavour,Sumo,Sumo Residential Standing Offer,STANDING,2023-09-28 00:00:00+00:00,,2228.0,4913,384.3,1640.9419999999998,2025.2419999999997,-202.75800000000027
SUM668357SRE1@EME,Ausgrid,Sumo,Sumo Residential Standing Offer,STANDING,2023-09-28 00:00:00+00:00,,1827.0,3911,329.4,1329.74,1659.1399999999999,-167.86000000000013
SUM668345SRE1@EME,Essential Energy,Sumo,Sumo Residential Standing Offer,STANDING,2023-09-28 00:00:00+00:00,,2527.0,4613,549.0,1748.327,2297.327,-229.67299999999977
SUM635043MRE3@EME,Endeavour,Sumo,Sumo Assure,MARKET,2023-09-22 00:00:00+00:00,,2228.0,4913,373.32,1640.9419999999998,2014.2619999999997,-213.73800000000028
SUM635053MRE3@EME,Essential Energy,Sumo,Sumo Assure,MARKET,2023-09-22 00:00:00+00:00,,2527.0,4613,534.36,1748.327,2282.687,-244.3130000000001
SUM667380SRE1@EME,Energex,Sumo,Sumo Residential Standing Offer,STANDING,2023-09-19 00:00:00+00:00,,1969.0,4613,438.10200000000003,1351.609,1789.711,-179.289
SUM635031MRE2@EME,Ausgrid,Sumo,Sumo Assure,MARKET,2023-09-01 00:00:00+00:00,2024-06-30 00:00:00+00:00,1827.0,3911,322.08,1329.74,1651.82,-175.18000000000006
SUM635097MRE1@EME,Endeavour,Sumo,Sumo Freedom Residential,MARKET,2023-07-14 00:00:00+00:00,,2228.0,4913,355.02,1640.9419999999998,1995.9619999999998,-232.03800000000024
SUM635105MRE1@EME,Essential Energy,Sumo,Sumo Freedom Residential,MARKET,2023-07-14 00:00:00+00:00,,2527.0,4613,508.74,1748.327,2257.067,-269.933
SUM635085MRE1@EME,Ausgrid,Sumo,Sumo Freedom Residential,MARKET,2023-07-14 00:00:00+00:00,,1827.0,3911,307.44,1329.74,1637.18,-189.81999999999994
TAN667780MRE1@EME,SA Power Networks,Tango Energy,Home Select,MARKET,2023-09-26 00:00:00+00:00,,2279.0,4011,366.0,1644.51,2010.51,-268.49
TAN667776MRE1@EME,SA Power Networks,Tango Energy,eSelect,MARKET,2023-09-26 00:00:00+00:00,,2279.0,4011,329.4,1556.2679999999998,1885.6679999999997,-393.33200000000033
TAN658245MRE1@EME,Energex,Tango Energy,eSelect,MARKET,2023-08-31 00:00:00+00:00,,1969.0,4613,355.02,1416.191,1771.211,-197.789
TAN658235MRE1@EME,Ausgrid,Tango Energy,eSelect,MARKET,2023-08-31 00:00:00+00:00,,1827.0,3911,259.86,1243.698,1503.558,-323.442
TAN658250MRE1@EME,Energex,Tango Energy,Home Select,MARKET,2023-08-31 00:00:00+00:00,,1969.0,4613,366.0,1416.191,1782.191,-186.80899999999997
TAN651529MRE1@EME,Ausgrid,Tango Energy,Home Select,MARKET,2023-08-11 00:00:00+00:00,,1827.0,3911,296.46,1306.274,1602.734,-224.26600000000008
ZEN578865SRE1@EME,SA Power Networks,ZEN Energy ,ZEN Energy Standing Offer,STANDING,2023-07-01 00:00:00+00:00,2024-07-01 00:00:00+00:00,2279.0,4011,504.75059999999996,1566.9212160000002,2071.671816,-207.32818399999996
